sku_id,p10_8wk,p50_8wk,p90_8wk,on_hand_units,on_order_units,lead_time_days,selling_price,cost_price,category,lead_time_p10,lead_time_p90,effective_inventory,quadrant,rupee_impact
SKU020,593.5379875262704,691.7353940331708,780.8692980340377,1002,353,3,3897.54,6700.01,Storage,31.796677903193057,41.83228382325202,1355,Markdown / Clear,2736699.568194113
SKU012,1134.7073356196026,1261.9881550175132,1422.4721060092136,47,60,12,8779.37,1256.89,Home Decor,243.15157191848627,304.81545128768863,107,Reorder Now,1736695.0385715952
SKU025,107.80886791098078,153.85480945376304,203.4952726554238,1124,61,14,11558.01,1333.08,Storage,26.952216977745195,50.87381816385595,1185,Markdown / Clear,1354664.0743652296
SKU011,98.09353663499648,146.43864756526705,202.60392860601291,753,269,3,1444.56,1718.4,Furniture,5.255010891160525,10.853781889607834,1022,Markdown / Clear,1125391.2666464222
SKU036,202.99428262832834,243.56282282412914,274.44309001722354,383,135,3,5687.0,5430.12,Furniture,10.874693712231874,14.702308393779832,518,Markdown / Clear,977452.6460142618
SKU031,842.2100629092306,929.409044796284,1016.6356148179495,93,40,13,8715.93,6300.65,Furniture,195.51305031821425,236.004696297024,133,Reorder Now,897781.7225961204
SKU040,660.5720181373534,780.984041618291,913.8267209803809,67,29,9,2450.56,5169.07,Storage,106.16336005778895,146.86500872898978,96,Reorder Now,124647.75579091319
SKU004,194.15370291487073,227.22363439356783,251.60684180162048,259,254,6,6861.57,1445.74,Lighting,20.802182455164722,26.957875907316478,513,Markdown / Clear,93750.88554785478
SKU003,256.4389857680774,292.33322460187435,347.03666491801056,349,12,3,8078.23,589.48,Kitchen,13.737802809004144,18.591249906321995,361,Markdown / Clear,54562.86666943375
SKU010,672.8740941842236,827.6519239416933,947.873304360196,83,70,13,663.46,3889.06,Storage,156.20291472133763,220.04201708361694,153,Reorder Now,44479.696654296495
SKU009,437.37391274720966,546.9780422387751,624.5412155733741,75,89,7,2336.89,3121.06,Lighting,54.67173909340121,78.06765194667176,164,Healthy,0.0
SKU008,656.1582316060325,776.9654749752796,887.3886795439954,325,155,3,9842.64,2775.15,Kitchen,35.15133383603745,47.538679261285466,480,Healthy,0.0
SKU013,608.4663531097575,719.1584876008166,808.0304452797636,151,95,4,5757.78,3936.71,Kitchen,43.46188236498268,57.71646037712597,246,Healthy,0.0
SKU001,596.400095345213,718.677520979232,798.3418352055206,771,147,4,3664.05,1758.45,Furniture,42.600006810372356,57.02441680039433,918,Healthy,0.0
SKU002,439.41164820776936,515.7564203945017,585.03017345962,526,29,3,3805.69,3867.09,Home Decor,23.539909725416216,31.340902149622497,555,Healthy,0.0
SKU007,1100.446875614116,1245.9131450700581,1357.4773632900115,207,460,8,5114.09,7748.2,Home Decor,157.20669651630226,193.92533761285875,667,Healthy,0.0
SKU006,275.06579850866007,307.4222171049145,384.1905820600426,359,485,13,8106.04,6021.91,Furniture,63.854560368081806,89.1870994067956,844,Healthy,0.0
SKU005,682.5419102049935,821.6285596814134,953.8291997555033,471,291,6,9493.22,5543.63,Storage,73.12949037910644,102.19598568808964,762,Healthy,0.0
SKU018,1084.255521501193,1207.93100215184,1348.1104702085745,235,102,8,5575.41,5677.05,Kitchen,154.89364592874185,192.58721002979635,337,Healthy,0.0
SKU017,515.1805752959442,664.0870843859527,687.2788912626029,95,26,12,8477.32,6703.26,Home Decor,110.3958375634166,147.2740481277006,121,Healthy,0.0
SKU016,524.1648057511148,683.6196442991271,755.8757442035634,255,187,11,2166.82,3637.93,Furniture,102.96094398682612,148.47559261141424,442,Healthy,0.0
SKU015,142.6086850849052,186.2588751852866,222.98039986835303,187,245,9,6212.12,5441.06,Storage,22.91925296007405,35.83613569312817,432,Healthy,0.0
SKU014,981.5089181203889,1093.0925181456819,1198.7628530887641,309,334,10,2270.75,2008.55,Lighting,175.26944966435516,214.06479519442217,643,Healthy,0.0
SKU023,573.6332538425161,719.958655951449,826.450959794982,130,79,12,1416.74,2484.54,Kitchen,122.921411537682,177.09663424178186,209,Healthy,0.0
SKU022,394.7782166889605,471.51979032559615,540.5173434043901,95,194,8,4597.03,3252.96,Home Decor,56.39688809842293,77.21676334348429,289,Healthy,0.0
SKU021,336.2446834209679,413.35841806739995,485.0998649784776,88,97,9,7711.28,6486.92,Furniture,54.03932412122698,77.96247830011248,185,Healthy,0.0
SKU026,970.9835645524015,1079.6144100745753,1225.6599375259434,160,70,5,10939.54,1799.29,Furniture,86.69496112075014,109.43392299338781,230,Healthy,0.0
SKU027,1038.3855954187156,1188.3869752125267,1312.520323915507,567,103,3,8516.6,307.06,Home Decor,55.62779975457405,70.31358878118787,670,Healthy,0.0
SKU029,638.9866586887805,780.0516451524907,852.9258457615874,261,520,5,11642.45,5402.59,Lighting,57.05238024006969,76.15409337157031,781,Healthy,0.0
SKU028,228.20990060570182,265.4762608249417,324.16981593294065,174,55,11,3484.09,6348.66,Kitchen,44.826944761834284,63.67621384397049,229,Healthy,0.0
SKU030,209.34865183766223,256.00100892669815,290.0445109297511,166,32,9,9433.51,5715.03,Storage,33.645319045338574,46.61429639942428,198,Healthy,0.0
SKU032,369.80041446636653,443.9644653495812,518.9017858893858,278,214,11,5612.59,3806.6,Home Decor,72.63936712732199,101.9271365139865,492,Healthy,0.0
SKU024,551.2926818247373,667.6382244657218,761.6966303043129,341,18,14,1768.87,5539.34,Lighting,137.82317045618433,190.42415757607822,359,Healthy,0.0
SKU019,661.6626896691604,792.9602155648859,918.9279276026002,227,114,14,4819.85,2670.84,Lighting,165.4156724172901,229.73198190065006,341,Healthy,0.0
SKU034,879.9603289760742,991.3754226194728,1131.0822896113896,34,103,5,1518.14,1333.43,Lighting,78.56788651572091,100.98949014387406,137,Healthy,0.0
SKU033,766.5868226204192,871.0266483638318,1029.765884396322,208,168,12,3558.0,4657.74,Kitchen,164.26860484723267,220.66411808492614,376,Healthy,0.0
SKU037,1103.8700039012956,1220.7212979601045,1375.2305429562398,355,687,8,2747.42,3901.0,Home Decor,157.69571484304223,196.46150613660566,1042,Healthy,0.0
SKU035,961.856324055617,1054.2111498799509,1161.1299333529983,670,76,8,10870.19,1137.61,Storage,137.40804629365957,165.87570476471402,746,Healthy,0.0
SKU038,291.49900233960466,363.92034799209483,443.1771219697393,159,310,12,3949.1,4630.58,Kitchen,62.46407192991528,94.96652613637269,469,Healthy,0.0
SKU039,111.08252138821601,148.10106567859782,204.18178980906106,93,35,3,7118.95,6178.74,Lighting,5.950849360083,10.938310168342555,128,Healthy,0.0
SKU041,421.9241642424871,530.7783291026043,598.8522766463627,440,40,4,10336.73,4540.24,Furniture,30.137440303034793,42.77516261759734,480,Healthy,0.0
SKU042,1035.2475693577376,1172.3046431170703,1281.7520738671758,90,120,6,9198.83,4583.86,Home Decor,110.91938243118616,137.33057934291168,210,Healthy,0.0
SKU043,968.4735707042821,1060.5998129590462,1176.1751462145494,559,211,12,8745.77,2605.61,Kitchen,207.5300508652033,252.03753133168914,770,Healthy,0.0
SKU044,368.19725789831267,425.0186117284142,507.40491382334045,223,39,5,5412.28,488.84,Lighting,32.874755169492204,45.30401016279826,262,Healthy,0.0
SKU045,1090.0548248859952,1217.8215972659839,1364.540008903027,307,142,4,7676.78,3634.56,Storage,77.86105892042822,97.46714349307335,449,Healthy,0.0
SKU046,374.0972274689003,467.21137263176075,539.6796903297409,119,182,4,7175.54,1913.03,Furniture,26.72123053349288,38.5485493092672,301,Healthy,0.0
SKU047,592.6064136683559,717.0889521030027,783.2264626470005,201,129,9,7938.22,3416.1,Home Decor,95.24031648241434,125.87568149683938,330,Healthy,0.0
SKU048,332.4063627455297,399.8743890584649,489.44209503676,106,50,3,1379.55,6863.87,Kitchen,17.807483718510518,26.220112234112143,156,Healthy,0.0
SKU049,1092.2145697258384,1230.7416071640635,1357.398559014557,780,599,5,5223.37,2063.03,Lighting,97.51915801123558,121.19629991201401,1379,Healthy,0.0
SKU050,241.0811604624841,290.88307652034206,344.5001896704966,328,525,14,882.72,701.85,Storage,60.27029011562102,86.12504741762415,853,Healthy,0.0
